order_id,temperature,pressure,cycle_time,defect_rate
1,77.48357076505616,34.198066309758005,113.24821725025619,1.0460962210613045
2,74.30867849414408,32.77390104873831,118.55481329284483,1.5698074946102492
3,78.23844269050346,30.17889110976052,112.07580079000039,1.793197233289178
4,82.61514928204012,28.059189666883277,116.9203847036096,2.943843828670095
5,73.82923312638331,32.09466994084077,101.06385333046214,2.2782765622668792
6,73.8293152152541,31.18045615626525,122.13293707372938,1.3322592154500545
7,82.89606407753696,32.6855796600832,120.01205475362224,2.2430181447088184
8,78.83717364576454,31.905515405045907,111.82911368931809,1.2263480055308174
9,72.65262807032524,33.148658145958,126.59245668432405,2.5413455269435365
10,77.71280021792982,28.394294365318295,129.3757013762656,1.7644376740910608
11,72.68291153593769,33.952182196902974,103.92440135631026,1.9531819056304145
12,72.67135123214871,30.5927988140772,112.37275221433785,2.6628983237710955
13,76.20981135783018,36.225782617875794,112.30857650212702,1.356418215707875
14,65.43359877671101,27.932436545731296,110.60096898891135,1.3014409074435043
15,66.37541083743484,35.20789140949575,128.29474841931747,1.7082003368269976
16,72.18856235379513,30.593732350387942,118.06173861227197,2.5191894255096585
17,69.93584439832789,28.045745989156654,117.35485158689389,1.2403269622615787
18,76.57123666297637,28.548342497837034,99.96137635593246,0.5839222009447151
19,70.45987962239394,29.03895807541704,126.35418030209226,1.7744205707955005
20,67.93848149332354,31.272497839205748,107.60741605146528,2.27587039995546
21,82.32824384460777,31.5685064641065,120.59932630266329,2.6001308748694147
22,73.87111849756732,28.278899988184264,122.77376937958192,1.7684193189573005
23,75.33764102343962,29.92693622321705,133.60658595838652,1.7942866964419988
24,67.87625906893271,36.42681107583559,106.91179600880888,2.576950367127874
25,72.27808637737408,35.182629510302135,89.80487844179174,1.0651291501522897
26,75.55461294854933,31.308971009022095,121.83849544753694,1.8057396124084955
27,69.24503211288848,30.1140104345046,138.00511181510853,2.095211944962529
28,76.87849009172837,30.360093980154783,132.38946352939436,2.2246093606425172
29,71.99680655040598,31.84055391819125,122.09659415274626,1.7450966534045587
30,73.54153125103362,26.931622304404783,115.08363814367952,2.0172205058529205
31,71.99146693885301,29.227870387729965,128.0712259663731,0.7558363232935053
32,84.26139092254469,24.99424777836723,110.26453800295532,1.6708757938330758
33,74.93251387631032,31.197669367815838,124.7635776935622,2.2267543562772336
34,69.7114453552205,31.94158781910822,125.05470159166627,1.5088529828726602
35,79.11272456051594,28.550440613101877,130.60209907498879,2.0294921107947985
36,68.89578175014489,34.7219602898701,147.5966003891108,2.223436250401349
37,76.04431797502377,26.322703010992978,123.92415967178766,1.8287253995711175
38,65.20164938060113,25.60687535937054,114.91036374292501,2.0852318854982856
39,68.35906975550785,30.673355455679918,119.74425687808005,1.5186337173576938
40,75.98430617934562,33.14129490783646,102.30924095110882,1.8966943601519768
41,78.69233289997705,35.0517830743736,113.05286868910942,2.305108084794611
42,75.85684140594985,28.62334721139318,115.90717561886896,2.078486480484217
43,74.4217585880588,33.236042500293884,114.75911602065408,1.7067343652180322
44,73.49448152205356,29.884474591497877,121.52354872033722,2.1121082021453965
45,67.60739004816287,29.48211810017754,111.775800676178,2.357304895318309
46,71.40077895802645,32.650979812460015,131.2103066732447,0.975029360711261
47,72.69680614520107,31.95696863524026,120.00207064918197,2.579537032477949
48,80.28561113109458,25.270823529047252,119.90699678861374,1.831872630659464
49,76.71809144784231,34.42962104917769,116.72105283487082,2.2127449666201153
50,66.18479922318633,34.14027406244235,121.55190683858979,2.598623461822614
51,76.62041984697397,28.12331189547141,128.25098264667633,1.3141631513847671
52,73.07458859791842,31.187410600312226,111.328697842891,1.6452794987862267
53,71.6153899984702,31.482090558848217,113.41883510924744,1.8557256520621477
54,78.05838144420434,30.782021297471722,116.96273971223336,1.6081232394377858
55,80.15499761247976,28.34908453846374,106.54129076526785,2.8674682879184044
56,79.65640059558099,27.985129896185846,111.80742140278502,1.5716139530866036
57,70.80391238388681,29.923337787025662,115.23779126455341,1.7222266102565666
58,73.45393812074393,33.51818705777809,128.74389180712728,2.1021945158014885
59,76.65631715701782,31.6308004637833,122.62561329001926,1.3989252369619556
60,79.8777256356118,28.888157003741682,121.93589911367545,1.8021596441218681
61,72.60412881077355,32.31509613194503,128.5089796216797,2.1587266306250874
62,74.07170511668092,21.454372138109775,118.62628211600604,1.8335697978087446
63,69.46832512996986,33.44629710111631,123.9046484992889,1.9533065705500259
64,69.01896687959665,24.7808586636657,118.96778247067503,1.7353339437758144
65,79.06262911197099,28.912677175790602,122.65362349399628,1.2427648454096165
66,81.78120014285412,26.640990316121567,114.17241342388418,2.1607966056696193
67,74.63994939209833,26.115955572837283,95.61182841723571,2.8774665358236207
68,80.01766448946012,33.482480362135554,118.65720837813696,2.009200815391719
69,76.80818012523817,28.596896396064327,134.2274813609994,2.112632058623775
70,71.77440122697438,31.039511645192146,129.26215402241593,2.3463613775584298
71,76.80697802754207,29.859238263362446,129.6539748459117,1.3653347517266505
72,82.69018283232984,31.431122481669366,132.36130721806217,2.851257329064803
73,74.82086980445024,30.230465673180767,120.88657590961438,2.101164398211401
74,82.82321827907003,26.15102332743429,121.97315707405596,2.8159284495445545
75,61.901274479551276,32.98880045834142,113.8234810456565,1.6334835022380054
76,79.10951252187611,28.51873025051606,116.8392714397295,2.9090309612789125
77,75.43523534119086,25.330254304020748,126.15771149771142,2.3875777470173913
78,73.50496324767066,28.715654517102262,132.03884437168816,2.276520042926179
79,75.45880388267751,34.50227937190293,118.60553724319,2.117012227176574
80,65.06215542699553,32.55066522634048,115.49810735148588,1.8757356909627754
81,73.90164056081244,28.954043596776422,120.00527958856597,2.6002658292369363
82,76.78556285755873,28.952226887044713,126.01206748929116,2.0701799349240235
83,82.38947022370758,29.035094846347853,105.56145183866458,1.0164651482064238
84,72.40864890863176,36.23024395068252,97.03819046862762,1.4414067691464987
85,70.95753198553406,31.14580635669466,114.49463150508416,1.9070771239036264
86,72.49121478207732,31.290124941573207,107.79287574085842,2.1549994915827773
87,79.57701058851038,33.09085036209552,114.9185980235269,1.9717057555500521
88,76.64375554829843,30.71636747707954,118.52219681182528,2.6094853948968315
89,72.3511989811648,29.22287356253789,115.46751590976987,1.0244490679806875
90,77.56633716556678,29.410950452745066,134.52467534470745,2.07179396825258
91,75.4853877467402,29.785196221757808,123.2674476460232,1.0910103873064227
92,79.84322495266444,29.888333290470474,123.00474359610828,2.379856147742084
93,71.48973453061323,32.18288863091094,126.22207144043402,1.9527706427789986
94,73.36168926701116,30.1558376574219,108.61166882219231,2.209804986012059
95,73.0394592343392,32.19792023164674,130.39111787420268,1.568058519705117
96,67.68242525933941,29.757850259674253,119.2423571346454,2.6397324658288754
97,76.48060138532288,30.235905570948272,126.70480617241212,2.5208623320294254
98,76.30527636089944,24.005397946403676,109.28142766959844,2.2917721515059437
99,75.02556728321231,32.748983024107446,104.46241233983936,1.9352413765682797
100,73.82706433312427,31.03946542769398,128.1788965802503,2.289928642647566
101,67.92314628974793,32.994030329578955,123.76409526097517,1.6465537160063255
102,72.89677338617321,21.31123386541893,110.9794844564249,2.4277778295103563
103,73.28642741736616,36.265124114342186,111.30336918725305,2.8247404471619606
104,70.9886136538919,29.58123111553448,131.2543478441477,2.535305279989593
105,74.19357144166996,33.324548450212546,108.10588107132672,1.6351987650962951
106,77.02025428407269,26.880282218623407,136.42672953255965,2.1807086586365516
107,84.43092950605265,31.83832171518771,110.99379265352131,1.3534292281206761
108,75.8728890641592,26.839753310479033,126.38391925608383,2.286195155587838
109,76.28775195361382,28.128693117912583,116.71381524251015,2.2253017064312695
110,74.62777042116916,35.742094061600355,126.03187431082343,1.0650918302339178
111,65.40614392350479,29.42795279770996,114.55885997885808,1.419108078043818
112,74.86743062275391,30.65229861953917,118.37207093927705,1.8584305516281163
113,75.30115104970513,32.61020319206626,120.40919175395722,1.849570126429587
114,87.31621056242643,31.487045663917815,109.97812544218527,1.3952615322905975
115,74.03819517609439,30.45125671543073,127.40824345420125,2.194489364676092
116,76.50773671166806,31.094883007398675,114.86786433528415,2.125736804470256
117,74.82644115147379,37.21024675571483,117.71400084659982,1.9028654340107403
118,69.15660981190234,29.827143608899245,110.05650625391488,1.6221042499208185
119,80.7141140725751,30.603297140144903,94.3766634120469,2.524353563208282
120,78.75966516343387,33.15196318802283,118.08972237399831,2.8277035565441477
121,78.95515973521523,33.31657779887395,144.12615421612915,1.7582192580767315
122,70.4530627260263,33.56109091668114,127.84604287898024,1.6939165414225896
123,82.0139715546805,31.916190666087555,119.80739620265605,2.2456038327059984
124,67.9907446860386,26.57098526180855,117.37109170791733,1.8209853101265068
125,77.93428546900135,34.90029459690329,120.22465892812046,1.9303013996683829
126,85.95227812904989,26.560963820943936,125.4711911517521,2.369826575862336
127,70.04731837434656,30.9079063957171,108.19187184691155,1.0453219562463536
128,72.16851135198614,27.737172449941927,131.1432169466887,2.6591511624263346
129,75.4982568254382,29.80758496022102,127.15381315441245,2.0363402621646705
130,72.48262172941901,30.986287230910442,127.18185725707934,1.79425342771891
131,67.24668284466934,30.96407164635082,124.38475738809727,1.9553829228892756
132,75.34281487403014,31.265762262705856,120.1961665769399,1.9812146775102593
133,69.68848143136948,34.84113380717594,126.72861235966819,1.1343993482775372
134,77.36796215317591,31.36060290454194,125.91814133741379,2.747469113726618
135,70.40287882883098,29.267530094128055,116.45959289058976,2.0206628161353093
136,82.7496720250877,32.892261504865075,114.263982271031,2.2215010652236877
137,71.08373353831881,33.568411466773924,121.01856295261987,2.475774885287022
138,73.38969241897162,26.31717655458902,135.49020151495188,1.4894187712198497
139,79.06758608684835,31.792200209549573,107.60892924346099,2.2367359495176142
140,68.84567841783023,32.10351822693269,105.3247473424756,1.8661794545506032
141,76.13729967302065,29.107309489920024,121.64760841236517,2.423385387608247
142,81.53571377141213,34.127120439934856,120.50887701856018,0.9363862898242523
143,66.96258382719387,29.54983323890242,121.73341664370409,1.9504528498793654
144,75.92316929266153,30.37672936041463,122.439531979085,1.6985896721080191
145,76.29941397124212,29.48078452714839,117.76797745365195,2.216131475317078
146,78.90911435888655,30.0467371427444,134.89863438602083,2.235022093684101
147,68.81524644560959,26.711174739314394,103.99096021523485,1.6461870525889868
148,68.39771693457863,25.679847352217116,111.71502975219754,1.6439130679119782
149,77.60970782808448,34.783515189674915,118.96745239850952,1.9446673157213352
150,76.48492336616593,27.459115955045018,103.56811188845833,1.5516788863423958
151,76.25246425172938,27.025822951631078,118.24145595567929,2.4209918477260635
152,76.73224104748488,23.539829659188854,136.6147016572802,1.815396399776277
153,71.59987639210755,28.083114756931494,120.20886488295962,0.5465058903391793
154,76.16126848580502,26.030730619777504,122.30700905718683,1.812588971689097
155,76.46536236649341,34.92604548040911,107.3983523482742,1.480728089578014
156,71.42824290986816,33.029451268027906,113.83638591960522,1.1843620922695273
157,84.32887255572378,27.93554896446683,116.24803619676064,1.3812866808887136
158,77.36916460455893,36.75730741603293,116.82284903243766,2.054704235916485
159,69.04348251398676,32.94529646097478,132.81643795003768,2.6643204141241155
160,78.28276804316914,29.025505849474133,125.57691060725125,2.15659223693249
161,70.1265916488634,22.501782855379282,108.88542043062968,1.69674830589213
162,78.93542301871226,36.872827717772225,122.46504778432005,2.2279520975853515
163,80.79297789503703,25.831282599709212,124.98221748496785,1.7704548448905042
164,70.89658840824144,25.063803759129325,131.40149038521267,1.6526998154184276
165,79.8168806462216,33.06771129602892,135.80540686568372,1.4228186658835078
166,77.06390463468249,37.31925721901782,109.84905808172131,1.1240855966241403
167,79.11030079997245,34.15281845553155,111.89142488789662,1.8050381467202774
168,84.48396491326973,31.691727360157078,107.42422141085383,2.079026744960066
169,73.77305941998564,31.78426302499586,117.65980140893019,1.951688164992555
170,71.23131917821256,32.560246676340924,124.66358374446334,1.7920165360263207
171,70.55242785187238,32.276785769360295,129.873345165891,1.5271269696516094
172,70.92094857517282,30.84357427190813,119.24048976357477,2.3041230958424843
173,74.61449145292949,30.31260331185563,116.80152476745155,1.3414340400267075
174,76.70575987408321,29.81222061630143,121.5175799224874,2.388013956921738
175,76.38345399665009,27.73810623339997,111.64857098369977,1.4988914905366375
176,79.13591624518011,29.15797476939968,140.89538721694774,1.6237823813234824
177,75.06500945938953,24.921129557413842,103.92338972881942,1.2666074046921616
178,82.26767038578659,29.704981119615752,121.84740578895725,1.7492989265571817
179,73.67671583381022,27.03422667854725,140.2360621922964,2.4876562292389894
180,88.6008458329481,26.689232048352686,120.06799844559998,2.2578140442219783
181,78.12833673882503,30.539682453460436,118.09960964998506,2.4892110560140175
182,70.71421221791859,34.1760068590338,116.42554577189573,2.261071272966968
183,69.64553750969444,32.75494981800694,118.19608318237592,1.4481650857348154
184,77.41236207621593,25.28849818913047,133.7284847467653,1.8346053878362214
185,73.88268607337075,27.031115590288987,97.88138088670493,1.6099004354412687
186,78.57000247046047,32.82231356396465,135.33433701296326,2.66528745201952
187,77.36618812286773,27.052537819385073,105.76042847549854,1.4016056767868443
188,74.63585543671563,29.326100550008928,117.33347670765585,2.4468488446945553
189,70.76603140965797,31.650156297073657,115.70755579701338,2.4464769350543847
190,67.42576387657067,27.094966635409094,125.88553269770719,2.914810100858044
191,72.76742523966489,30.31612651843788,104.01875648116253,1.7951567036852514
192,79.28199397161737,25.997923515245386,124.62172666081943,2.356161079790081
193,76.07046872065102,28.19589706814636,140.24309623286854,3.1408259182694214
194,68.77130610644006,30.95934580242761,106.3682599540719,1.6911791615331517
195,75.86590462925591,25.22101879940499,121.89706167610396,1.2324798762338203
196,76.92658689864419,31.321424213881198,113.3801782220339,1.0599949830461182
197,70.58071281899433,29.941086603219958,124.25887206193036,2.3563560144306654
198,75.76862552972764,31.657469863251443,120.19147777415752,1.058424895970708
199,75.29104359223,30.671742402193985,113.58513090955691,1.8138404735310385
200,69.28514851084688,34.09242128992153,124.87872284871074,2.2186565935194804
201,76.78893680174141,30.375673507943723,138.04348109786744,2.092587768414957
202,77.80392263184117,28.71178337662424,118.09096208272702,2.212722432092086
203,80.41525621587638,30.36689250909685,127.19757942148182,2.111144927900427
204,80.26901026017451,31.629894087109165,107.06727042128836,2.6394329066566966
205,68.11165316021454,30.146580210977113,110.43563623181991,1.5238418096306015
206,70.31087480042439,30.121775073611648,124.72406277880377,1.6615024307707342
207,77.5751763360433,27.894024936579733,134.84116028535965,1.6136702773645881
208,77.56892975456104,28.011297247347155,123.5561334878566,2.415095905931305
209,77.57523843153024,25.79218418460092,116.86941969476845,2.4501992941975317
210,94.26365745327361,35.24873022956082,119.99291405423354,2.2256126596592543
211,77.85445255346583,26.268410293826143,107.49592266030282,2.591746833444964
212,80.677828200903,27.92128440661228,126.04515326355367,1.4109795663118097
213,79.770008817466,27.844778203292407,128.82333062323409,2.833612055775568
214,78.256956256529,32.68477313083332,115.4790966716692,2.761619310856129
215,73.42365377679828,29.115150965123917,115.29957852240499,2.3678109986228733
216,78.79484610246634,33.7432262180212,122.65878229652049,2.89089945438553
217,71.13587392731215,27.979528127268395,115.63280263959405,1.171688396161113
218,73.81590696629996,30.836982486671406,119.33867385374178,1.737775931868674
219,72.57318226085448,27.493958840220728,140.99721789166514,1.632348269659024
220,75.40937069693162,36.43544738332017,117.52974299254004,2.3607396618786716
221,86.57329283336755,26.43720474291146,116.41659847978778,1.4749296301989272
222,65.66367403704126,30.92946213068108,113.5245819436484,2.3787475746687425
223,78.43130095187257,31.901330642796296,127.44191971499937,2.685268071998357
224,66.93642064405174,31.241397292354495,118.18775826781896,2.3476014500419997
225,72.64034067105283,29.444137023366874,113.50626961678574,2.1418755118307504
226,80.44475298483682,29.61053790079972,133.2130403227301,1.5060633295496255
227,75.32140009547732,30.131434415937328,134.19603004513638,1.5765745169373178
228,69.61127611035347,29.558993995114534,113.99576434261294,2.6248094526483334
229,71.42348145370016,32.89163735038473,101.33460048639384,2.3896745019526664
230,78.39798874467338,36.63156900477405,130.0751368983692,1.980490240311228
231,71.34816684141431,28.3275246449765,113.15370174239996,1.7910452271170547
232,76.08229294790988,25.890591061262764,127.90625599162769,0.9870960634443116
233,75.22785919951907,29.735153854946237,100.29896182288164,1.4645737906577807
234,71.74199826197092,37.73912801296295,128.9259733829931,2.9557095435698617
235,85.71972044662662,27.588976296090806,107.8882807071922,1.3597722144987667
236,78.16959511159006,34.917350416332205,127.30764119066525,2.0947399106105404
237,64.87428706671196,35.03310244222932,120.14273067836434,2.5037219865975993
238,75.93227157384713,28.339235274876017,110.46060580603356,1.3725386659988539
239,71.69106767615806,31.706949237555826,115.9296368707322,2.092355237390542
240,79.26216667398111,34.88518986938561,126.86318456956701,2.4689577687553275
241,71.0373963078365,28.862616777037537,121.05894453115235,2.006249660953625
242,74.4263177926655,29.389258919692914,125.84412980472484,3.434201527833384
243,77.52493639490228,28.254957258154068,139.76440584515487,1.1657003705609024
244,79.32877597085061,26.9557298079214,104.35758388288949,2.5293642649419397
245,68.99851796472112,28.052167364801978,136.17212574968624,1.9135991313017677
246,73.32749382079525,26.32817919971323,121.04355937523214,2.3859600774183374
247,72.62527344419522,30.102250404777678,111.01215951676872,2.220653575849623
248,71.73335383713145,27.690080306824076,106.6968637426101,1.6334219014450018
249,83.82727120140548,30.701357735372245,118.10879609222967,2.11449819622967
250,77.02490855480478,25.33231306138912,129.21650111924458,1.0710492743008564
251,68.69558022832477,30.99264069664337,118.72450879622465,2.301623750285697
252,79.58930973527389,32.500586884826774,135.11154930247346,2.1490792329952626
253,85.61078098506317,24.018793072285632,105.48824309948441,2.3193300843215514
254,80.16232630275573,31.122169709542717,119.87911052153946,2.529059162543575
255,67.40315017022994,33.68300697741988,107.47606555586881,2.1838099201048555
256,72.57882963566874,26.371076943926383,123.63631882624968,2.074044709899138
257,81.33455574593312,35.01771716051311,128.868873900973,1.559465831669354
258,71.4616526719061,31.257057028098135,115.79238206318946,1.6438896181754745
259,77.21909714073114,27.88496443272477,93.95786143372865,2.5933673100886656
260,78.87317026714669,29.83269276702688,121.98948146796495,2.7181677028529894
261,70.36534764210958,31.674980737565168,124.3673855173351,1.880944781843973
262,74.702373219691,30.228016174237233,124.04294754961697,2.023001373626637
263,58.79366329965464,31.616267977339106,132.35782191822153,1.5476928125031169
264,69.87806179332856,27.2379792207619,109.28946320350951,2.5863784226337225
265,73.7371592430342,30.508082472108235,126.8021610545045,2.332708411845889
266,68.76108409017576,25.75885650928506,131.92507512477974,2.9706087182318743
267,83.16205651965818,29.6663218159539,102.21412415993483,1.5608384614101305
268,67.84929311019684,27.28827707560563,123.19651825918977,1.8109960504908913
269,72.79977756651508,27.7934101722307,114.95820168992329,2.115722961262786
270,75.65370288643045,33.70827952563131,119.18477326898355,2.3232447688628852
271,82.20636644533057,33.27393036178281,123.47676483538336,1.8921661812261839
272,67.82068924410281,31.82741436272153,115.12771435886448,1.5635194547731497
273,80.8158187607748,26.723061705982264,113.24291920838388,2.4407037644617855
274,75.05116530509794,29.050774650915596,120.34152417488025,2.3605676812727907
275,70.09245674476024,33.63929309993755,109.12754061137197,1.5418629497181375
276,77.31051737131635,30.425150740919715,109.14174871114814,2.677721400552748
277,75.99529847786735,36.957988619945084,126.79373282956503,2.585099354598302
278,71.99891561420603,31.179953518183115,108.51205964841344,2.0671482486238966
279,75.3490104249501,30.576147349470094,126.66312500909211,2.039798931188018
280,73.0734320156912,29.072650607392497,124.6259129285395,2.2770288855579537
281,75.56758672625624,30.400622714346845,102.74193271209403,1.569148464871871
282,78.31065337260523,29.54259049085837,113.22435347664344,2.015015739582041
283,82.93008408072676,32.124326030065774,131.94109403047372,0.9238082276954098
284,68.81092250586576,32.87010695038375,110.18834468860318,2.4382278227514678
285,85.66516687328134,27.642031618476153,115.35595737690612,1.2192533887790704
286,65.23956100238749,26.006301139326666,124.62060893251896,2.7517099142144996
287,74.24107452482208,24.491383880690112,127.83390509282596,1.834939953016775
288,77.94158603242288,31.52397398073763,117.48461113955504,1.8941665090344115
289,76.40495933867517,26.68990018147838,114.02489805308359,1.6861330469577471
290,71.88650240089703,23.54132822114255,134.22369861698508,1.8559805630389619
291,73.95938874821363,31.165735813592892,137.3889966379758,2.709265672574018
292,72.53499532670584,37.47899855229837,129.78858050781795,0.7560956717324603
293,72.05317621527894,29.98178726538032,120.85318142565023,2.638482693044094
294,79.24801048510513,32.51547232335493,111.91734278359074,2.169011740550854
295,76.78507742982524,30.245488075642694,111.69555593443435,1.3964891760713922
296,71.53545202369673,29.703331040426573,125.22514105265758,1.462343803475381
297,79.49799937716625,32.75722944896331,124.18398220888683,2.8381965136041014
298,76.53649760438304,29.129176367434045,134.0159859294643,1.5272465600286345
299,79.0643105941948,30.80217694221571,126.5045009253614,1.42332474470202
300,78.14814420961807,30.96509341858804,104.96919698240181,2.568657271182365
301,70.85502494538964,27.995728639070855,130.5194761772292,2.169276438142957
302,72.19909479901516,32.97612704860957,110.01939372685587,1.5310372117318005
303,78.7364680256163,29.475120729913773,116.16028728047648,2.1083124877023094
304,78.05185132716733,27.732764521521467,122.50200206251695,1.4871236581798613
305,74.89549203017926,31.60952953071121,139.95667489783963,2.5504106992113025
306,75.58663691654391,27.304596054626888,151.0991855600536,2.5306854824365668
307,81.38832447894212,30.084543472107384,126.06723059136183,2.2660030994109714
308,72.04214305582084,29.97264301006739,118.16803381279612,2.180830530623508
309,77.7354869058502,33.257686697494734,125.3450564848055,2.880594062433687
310,73.98903673783053,31.42409469863986,128.87655425873837,1.9998431636941127
311,73.9115939838639,29.924919123764568,116.79332374442808,1.4090629372895993
312,80.49388425993595,32.45329889760086,137.95211355912323,2.2247369564161534
313,79.12708174494016,34.17062264705194,122.30070759191402,3.043023524768557
314,79.06754818000319,31.673430919055587,124.97743089091394,1.492620253407074
315,81.52739403577165,30.03105785953014,126.65924252054461,1.8192686166530072
316,75.1050192081638,26.06449130294952,124.21586610614456,2.208223019050726
317,78.40976485647482,26.804659010773882,128.38940500469613,1.9730475754971304
318,73.44866621703272,29.084325886935996,113.82746813453076,1.5088482098113425
319,76.62083176244221,28.17146339352215,114.4169824605397,2.5609289281152354
320,74.34928472816158,29.439086091043663,108.99845767028305,3.1600203610086295
321,75.48497982496359,30.16994977469132,124.39501230620226,2.0980657295119536
322,77.97578512718457,31.589078263070192,127.78936503512114,1.5479658551319997
323,70.90889658383264,29.788503665822727,124.57772866151886,1.2255197374732625
324,85.4619363784273,31.459504931478605,136.74492433347538,2.1289879906105904
325,69.96991309250149,30.19342324443036,119.94403981170953,2.551938671658129
326,68.92905693606134,24.073600300938388,126.68741655592513,2.237583873247691
327,80.79055436750033,27.181993818543738,109.08299123860685,1.998798079540573
328,78.95831346981468,29.567737332835154,116.12900297525599,1.705364174105347
329,78.12059908526078,26.370915771476678,126.95537757565778,1.4539181836409552
330,78.1417275463214,31.799786189988613,128.49102110743144,2.4173756631624412
331,74.93876613576543,34.59225249703109,117.06033052335818,2.4568858106927927
332,70.51372814257084,33.65628555509195,119.28400748141934,1.2271351066546334
333,75.37902279096863,29.359671387209374,104.82126253319191,2.7949194890903417
334,71.61419144243945,34.47217841054986,116.42970799193391,2.287035610447001
335,79.87559866708875,30.446002371606337,128.90383163519786,2.6997973225728966
336,74.2647130924893,28.988742086645882,125.75205016106567,1.3289361257574424
337,70.87251401603744,28.15979200937718,125.00665721381209,1.3170879222922807
338,73.39307079173503,29.092590940535615,120.49773687180961,1.9255153451163516
339,77.06465727137812,28.835469544376313,120.07063158628176,2.251392213447597
340,72.18137723598012,30.511248667126463,113.39678860526553,2.898180411463482
341,70.88889802216784,30.481721943149594,126.98828420202534,2.353039456907566
342,76.21843605745956,30.009138060460245,124.20972944389389,1.8786593615939833
343,76.22483285554361,31.310814509239048,124.92018847992799,1.4868153961670538
344,72.46528412314436,33.57193882435902,114.7396515733242,2.615000286359575
345,72.64480847190839,32.848662406323974,98.46657080128756,1.5176472871246425
346,76.16024968678818,25.54530609465029,130.97152711753697,2.814234277386161
347,67.75957829251338,22.338236595294134,115.21162543991596,1.8578076751967454
348,67.96268112811723,32.80295973371782,111.37224235956879,2.7952910363089254
349,71.40777889373781,25.899363904753738,126.93478911913994,2.339465645029639
350,73.93276424144076,29.32570379432195,116.07987360080871,1.9315022552787708
351,76.55453782799002,26.489660921821923,130.59936384046622,1.7403018140869366
352,82.37678108474776,24.594058687259942,126.17005949576698,1.82954606132696
353,79.2882981160101,31.624388184614364,126.83569323200477,2.214158346187619
354,74.20030735018287,32.27746548090794,106.34044288799466,2.0385782481088586
355,74.90491896048655,28.27046879781984,132.119439853864,1.7030942959656474
356,69.98735317681096,22.22687312356527,122.61250531233856,1.917184294841184
357,74.90743432003805,28.361266655242552,116.30722860753797,2.039288514859575
358,73.55670680539932,31.17541201620764,121.43388467342251,0.935632952792594
359,76.61359280169044,25.563265293677613,102.2376476710168,2.229084057394349
360,70.86384528223839,30.550079759337468,124.08652811480671,1.5101393876415967
361,77.59673257120586,29.954070452481012,109.70628491817928,1.4233337983971275
362,82.66369456501289,31.737874498803265,106.47329714156466,1.1563278264446448
363,74.45619925771571,30.35874110524246,104.7764081378211,1.1030537510660547
364,77.0085586104947,27.080793177355332,131.12688374989926,1.3222762484438553
365,78.45071995855557,33.589714504993474,113.70736606307212,1.6454895211847549
366,72.99389764057082,29.52441128091909,135.337277099165,2.976629568763284
367,76.12046240905208,29.918086381470204,114.64198536947703,1.737060162052398
368,75.06296200390898,27.20019612278041,102.92642042407053,2.0888750531340157
369,75.48838049274416,28.670153246425468,108.8347556005134,2.200240693253164
370,71.13495108072267,27.3455918579193,132.3581162000694,2.0655325931079243
371,75.12255087129472,29.48116182022973,118.44101822063332,1.9612782696370032
372,77.48999145622724,35.13512544042703,114.51712703509399,1.4023531182003777
373,82.2557180389752,25.88429657120593,121.60018225852788,2.725463774139606
374,79.79635413042604,25.159315806369776,125.01782736167544,2.9035983218189427
375,85.76591228755778,34.41351098248082,131.17398815902462,1.1586706529386572
376,71.16326218555976,29.372028968544402,134.48499229892926,1.4879857045568103
377,79.36160318360339,27.99278178402025,116.40231354210914,1.860094828811497
378,75.91671002869175,33.11971406218823,106.73952313917961,1.5177311025449043
379,85.94901466608836,28.183153380789406,115.86534838876725,2.2529827767279325
380,70.95850857322424,35.47802914064081,122.60280506582886,1.6358638987966936
381,70.80139078909612,32.03377761401781,110.3624107378939,3.0825280339033014
382,72.0030367727799,28.536265775562892,110.42849085104957,2.595274297171798
383,64.38052137845096,36.47192463979651,123.43787881549885,2.1062870153161075
384,72.3712248915962,28.182855230989986,119.5134764842955,2.513493131659866
385,71.20433669223151,32.22628611602792,120.32796995411587,2.5529502121786543
386,75.75196893238103,30.897877741219475,112.41504665299931,1.7180262559708783
387,76.70877987888579,33.905223868196394,117.69599285794233,1.5918913777290176
388,84.38085419607943,34.68453359018056,110.75766855731696,2.0390715314848236
389,79.75211919093024,30.0960124471973,128.90198411124786,2.430818062248972
390,72.11548172168798,27.73974638896145,130.35249334723753,2.069530199326709
391,70.50792664325822,31.37991642881735,101.53812137761906,1.2115017589045014
392,77.45959585753253,27.966853890743682,110.7048913980759,1.5985877780245787
393,68.3988339648968,36.04016174257987,105.03470744909922,1.963013568202811
394,84.15729382927177,30.409605993248213,113.49976065593101,1.962167197837085
395,80.89720060360644,28.904035346063672,119.16562030209639,2.986271088394904
396,72.65412173947648,30.554040917594726,105.5035478030147,1.307006028800501
397,66.43432735454562,25.95862113141091,110.78140186874687,2.2527946209179373
398,81.76936187082707,27.085157884468046,109.96042627918501,2.744556554164145
399,74.42730077373692,33.601241723833276,122.07267329398944,3.135724872711398
400,81.1890815598673,28.029317163085814,120.6934433703625,1.7978012884080194
401,67.02786170602816,26.85926705195418,112.78262446662747,2.2457147263600996
402,72.00312488523113,31.60995825758186,121.76820872139398,2.2848801785993236
403,75.02621849859092,33.55711246398899,114.53319915412735,2.0977408657766454
404,75.2349029688237,32.1568599319952,117.28344889673947,1.950577399380347
405,72.74967264260378,32.988143057417446,136.73452090298537,2.2179876947500228
406,78.11424966173749,27.72961473429162,133.40461051790348,0.7338769573901573
407,69.66189785308703,25.73456799977447,107.00418763072402,2.341034745031316
408,74.28810257489353,34.50400095586646,128.29732417879174,2.0630889518309834
409,75.60147815855949,29.031960483473593,128.1139655449159,1.8887625516108673
410,77.57219417029374,29.24750095063486,108.51736711247382,3.023431097859779
411,78.55807439044445,33.984582425547174,128.1877764375486,1.662532990604724
412,69.37678954081065,31.66869002820198,135.37931918412554,1.7984620054674847
413,67.32942914632189,31.367663316244823,108.77455193755586,2.995776651102367
414,81.38838410949255,36.49500703470325,110.82497178985736,1.5839693475750716
415,76.66157005989795,28.06944530885957,130.17661466843504,1.7249423585317305
416,71.25756731721724,32.78352038424371,122.71495310825648,1.926487288284575
417,82.75575987761262,30.171039374691254,125.51476275239523,2.4203672410647745
418,75.57837317146429,30.80577683658977,123.40589216400497,2.1039012536766566
419,80.89648592031914,34.5854052792376,123.90695920928144,1.3536873264238687
420,75.33759240705055,31.523507268868872,106.73527871688917,1.7339157184364051
421,85.30373962440993,31.6148882371489,130.47317706621448,1.6963227833938943
422,83.77670421221602,33.217522011929404,131.69589992427774,1.9613894773884772
423,73.75517925760464,28.905141811371344,117.70609255931973,2.2129218293149147
424,79.85785475477178,27.48237099798298,119.56523050186138,2.209102877943986
425,78.22687974792574,26.8655724179369,104.68892497444277,1.111994122975799
426,81.84315778766174,24.100930231871995,125.14254756017834,2.531970493780428
427,70.17538269709948,36.16862138982097,125.72057441714144,2.1262844229983116
428,78.43025729999219,26.69037490283495,119.37808983000689,2.692266023796953
429,80.29212243424794,29.336239129242685,131.24353359870503,2.222099163645336
430,66.20630256788444,29.16956010033324,116.6592276902006,2.550661478867881
431,69.08370743667112,30.922220093427303,125.646059258936,2.2332726557250635
432,64.8038391111995,32.44721163761789,109.80335661307885,2.673112878101374
433,73.65296582777721,32.58142046507923,119.76447849125762,2.2611253180088893
434,78.58771127897981,28.250767684293184,118.25645742097164,1.951042376778548
435,82.51178526048014,29.498634858640767,122.25307922040942,3.1362173602234407
436,75.37047390209888,30.847739851464897,116.30473071166642,2.444518561139946
437,83.14307772785646,29.25392662144936,118.68527404328333,2.2868722105022066
438,68.09949270892554,34.82203672805998,128.26047171441508,1.361847791730832
439,66.48308780322422,31.472924854914755,115.63235762761782,1.3558461912682311
440,74.72226150551691,32.20463335814945,103.93422899261321,2.1463577410709265
441,76.92032724469654,31.988643806002237,137.4958390420542,2.0727605988841202
442,74.83652625952953,33.52042157245597,133.81454078690487,1.692938717495842
443,64.66278949980062,30.543064676111122,107.07737304894381,2.07049134980603
444,74.55439980243605,26.10950415613246,126.89707805245195,2.7943134640217977
445,68.47765249747573,31.199063855257926,114.97025229448657,2.3477012372751496
446,78.3483627441502,28.045929318624513,122.6348721533106,1.429495745123631
447,76.83299123048424,28.41414995475073,122.94224129013493,1.9442455864285282
448,70.30060106836322,31.75909205626528,117.65592199683678,1.5975167595737196
449,72.43066541331653,33.714849214300905,112.16234334413603,1.8061500417957195
450,69.70393239055524,30.063814730208186,113.0945894768374,1.7931921671851787
451,74.68660451363414,30.92649903779689,110.83808084518758,1.7611772086979973
452,79.77571160250619,35.10664483390571,111.68177791769556,1.3724323140133026
453,70.07136976832228,30.722259538465703,119.32821709950645,1.936172659240905
454,77.52023257758923,37.80504934254118,112.84240010889248,1.7196961815763452
455,72.3487119081378,31.696528936894634,126.8205206571262,0.535275654998866
456,71.03563583868828,24.717711722532545,134.87246155335927,3.0264860122508317
457,74.46484820022721,32.260024863313596,114.19946758629958,2.544384827108336
458,69.82378838790314,31.143475154648332,122.39404500535377,1.811849637537502
459,72.23175347326409,33.86925826224824,124.99685110302934,2.009409524870299
460,69.01061053705575,32.019544053809874,124.72002270919275,1.4141728263412192
461,84.82362566458194,29.58463204804868,120.75955267916088,2.847861438905433
462,75.17631775985865,26.327105291131904,127.42682418359722,2.948644347386556
463,71.50137246003708,29.372930228141925,124.82248952680658,2.0783468641232625
464,76.0698995536711,27.4484386373721,107.62337577672702,2.511765322092672
465,74.43835975154585,28.258429650585832,128.69156064389273,2.0876433894669617
466,73.89515200233389,31.765735213261827,128.8729083726674,1.3316372805620347
467,78.07083350021712,35.009713513054216,112.36713895821418,1.7940883155181713
468,78.78753855023652,31.184014589468944,120.37937835447602,2.0659639833859784
469,72.34749426194736,26.41235081389445,126.83328992811069,1.772726140628278
470,72.1209087967766,31.333808004660423,117.90686180420639,1.890673361282482
471,73.62474151424178,33.58989445993695,130.7297804776601,1.9543002212454423
472,63.49039417632208,28.170651287041853,143.6387249461936,1.959560751067269
473,67.42404468900725,29.597948499981246,112.14013967365018,2.0261292452487414
474,81.83437133722262,30.04406458418759,106.18955396846225,1.4696974668016995
475,83.22483856750642,27.64530506075328,123.03818595604876,1.6414919254360318
476,73.75481980221811,31.94484130153158,127.21562505126144,1.3577078671500153
477,77.88278481527884,29.637155554176655,117.69133626155231,2.4889077748431
478,76.55625077271768,31.258597331721084,134.53260663321035,0.9471765290798377
479,90.3944040422762,27.3375234665937,106.61394200276752,2.576795171658463
480,80.59787455717289,28.68762509902977,126.9291862303161,2.693174698631422
481,74.36041204259617,32.167144073483314,113.94139179241107,1.8489097065086892
482,70.22229779699786,28.881500543724698,137.19377906207296,0.6984314560863507
483,66.96776839871214,35.180891553700214,139.9251535316812,1.8193447190163547
484,76.01731817933612,28.801091443156192,112.33343412216652,1.9679079193555904
485,71.21824627357849,30.67405417725566,114.5044286409142,1.4947008900355432
486,67.88873145201163,32.79777249561927,128.595878869798,1.7423908030958786
487,71.76713557878736,25.744902801200904,116.12869350210485,2.7650975994316758
488,69.59225998192802,24.717573564057673,119.54588782067762,2.3324635811508703
489,83.43570817536282,25.423031056289716,120.2538842054241,1.5377179428109502
490,79.40819878474726,33.78775231028155,100.80326843802344,1.2012004152022842
491,74.96013679341691,28.34442556232266,119.86162253905762,1.8364913411951145
492,82.39972069445014,37.674597857004755,113.10272225935826,1.8932716103247809
493,75.38684153823809,28.307257204027835,115.06877177600228,2.2480995936816583
494,70.69357899335868,30.553653909591112,134.43632003468815,1.7323416437161705
495,82.61562038634828,34.626329857703624,107.43493105720744,2.2557497876809305
496,77.69455021842329,36.01827866447737,128.13205186747976,2.9675770200301144
497,69.81376922836772,36.18451072990919,117.21037069668192,2.4077505112221314
498,74.04830660958196,33.62509869177943,117.20239831504166,1.9759557463346138
499,70.62190873307621,33.072187577434384,127.90371896051711,1.9084247644733527
500,68.08600134517832,31.77758084760355,123.4005129456889,1.8216634329100643
501,79.63088773765821,32.33508322849991,125.70612997219531,2.590320456226072
502,84.54708320235065,28.346442851014398,129.68184660532862,1.6863432770243487
503,68.00716213090429,27.54540334973308,116.68691616816677,2.022611354499991
504,77.81484618345286,29.989876627767146,113.8776326549225,2.0255989509405428
505,71.74678715439086,29.489446132425215,109.14849473442202,1.749107903594234
506,72.56437308117651,28.640315852018176,111.74589470021044,1.3137672260579496
507,72.03803037880566,32.089162342370145,149.49094425308726,2.1614872518088344
508,70.68004615160092,32.86591562571153,132.44679580736786,1.9694980140723082
509,75.24260813972414,30.265220658875542,106.48925633791978,2.2501202347182847
510,70.84524941794481,34.432590243165784,106.7754204325643,1.7331998467804166
511,76.3522841288992,26.574932657599486,124.81866061718492,2.610410649406524
512,74.74880945275432,29.419021622160844,125.47264797377967,1.5616131093940777
513,73.80525976566796,27.849533038191584,125.48883835317365,2.8560201420089464
514,70.462181689792,24.40039014878082,117.45044206446302,1.1261817450858693
515,72.11614334715834,29.7519579424719,118.745457399971,2.2173850322784454
516,78.77695612912878,29.63475747485015,123.27879524159357,2.2377153412633115
517,77.5045859381219,34.540349229726395,120.85893006293331,1.6022214660295588
518,70.11222377600724,31.892435053664332,97.80699627252464,2.212196968930506
519,75.49666152714613,26.927439527012385,117.70200369424806,2.6397593348800794
520,78.75693561685894,35.562277699002564,111.48593565739687,0.8915905803229678
521,66.65297359439315,33.663101086576056,121.75211418908512,2.2513724037454073
522,77.71680096189968,31.746293110405848,149.8525900260341,0.7533645898349612
523,71.68688120527077,29.320547703450504,123.67481665474304,1.5171675982383959
524,77.8529933429658,27.12168228982956,116.86470313827603,2.8145831824504723
525,71.18370421728741,28.88337967178684,129.2180150197725,1.709108983303973
526,65.9755894966774,33.26624585911256,124.82687887209212,1.4130600177955137
527,66.86228781058419,35.65375891780383,124.20094490451841,1.901031135507659
528,75.24042473330691,34.62973058481656,126.06850593215671,3.033953169081776
529,76.2986125086074,28.53345173464118,140.56543564829542,1.084158876396987
530,70.47841687447796,26.641147700132965,108.69111564674084,1.4743450441803279
531,78.19296229388686,30.422658740733613,124.73632076811454,2.748715841589813
532,66.6923996886552,24.694681903311444,110.73618870018461,2.928851171768866
533,74.66960100676341,30.969503142554345,125.55512646342248,1.9482843878548581
534,68.94491900118771,29.557192241103994,110.81313488513905,1.3804736487366789
535,71.7408194609892,28.601890494395274,115.82633186394915,3.0479217509045795
536,75.23699335658208,25.215890798199613,117.04910085762094,2.7972211958745983
537,70.69793317358024,31.54080031970915,129.7581671934471,2.3394734938811164
538,73.07722227885087,28.401897481014267,129.18454443942414,1.59379882553129
539,80.0314640460722,26.490249492869136,107.54282623553615,1.9754853295809818
540,72.11554065238425,21.383213360155054,120.5493411099985,1.9198199594775849
541,79.1784605603257,29.917455284848092,112.90420145250827,2.165425652307789
542,69.35146572671191,35.316754790009234,107.41495089324665,2.7255007190656677
543,77.64902088957642,34.98377764364361,117.8298294957563,2.4397085205687015
544,82.2078431032895,28.628711230241183,116.9151721154418,1.4613119615076209
545,62.641777499363556,28.19336381891466,144.26716486345524,2.688248225009769
546,71.01552372264761,31.40632276822507,124.32959825360696,2.1565660700065776
547,77.8853606359027,27.004843682435126,106.22382499245762,2.343532897929458
548,73.98477306978504,30.905375699458396,114.35225995829057,2.7332704296393016
549,76.85572936685655,32.29824083515407,130.213832954294,1.4442098752432244
550,71.9800740664209,33.68079967165292,140.88442772869925,1.9820872106467686
551,75.4329489373645,29.69953777056014,104.14016687762042,1.7342727243203924
552,74.2216138230396,29.388978749469103,101.20075614860954,1.216070287317272
553,80.83891030829903,27.366052239730315,138.70965175371782,2.17335498880246
554,76.27210421650607,27.51935893788042,123.89614177370903,3.2557782757922116
555,76.68801331037601,29.32056332429542,111.31707268123634,1.0799611277471235
556,72.94061516938767,31.102096520448534,125.34629086122435,1.983859694475265
557,72.56196887963753,32.74075387869975,93.64252260983122,2.3202714675373866
558,72.8372090609019,27.590463147958964,120.0337550659716,2.0615391008280906
559,76.97226071189148,34.47806570687857,123.27821172843085,1.9434359737421298
560,72.89507759589868,29.186629196872293,129.2427013953783,1.350391818277088
561,76.44887428448206,29.935898116954693,109.86104047707462,2.1163933714700818
562,85.37700399322719,27.75836496255653,120.8568716140336,1.6216180114920369
563,79.35562351715846,22.727279219181174,110.74575373940412,0.9050391475107233
564,73.3698823391608,32.65213618908315,122.55383755674318,2.5972961102568655
565,81.00606961081972,32.2105316912773,111.04653677636976,2.479192909921021
566,72.95962313489224,29.15601732864536,115.91899160839779,2.02583048842554
567,64.80937732411073,30.200972151674616,110.04184605209771,2.1145373441028514
568,69.95956844541298,31.547817653112297,126.51136241823657,2.537159006357781
569,65.64604039487072,25.31236242934037,128.58451116656664,2.112169828389041
570,73.24243257979346,28.412841967961114,117.65379430042586,2.4520087773806574
571,75.09209189594776,32.382794038865484,120.38237994960028,1.851258899563075
572,83.38218656137641,26.23713173049225,105.51408585366455,2.6559918692869733
573,76.63463686882082,30.880673796499888,117.00323351993212,2.160392862966342
574,73.90449735595568,25.930254586129784,119.49795382958256,2.097025971802937
575,79.14702790591744,31.39928994730058,146.20793091029975,1.364969455643984
576,63.944323454960575,29.89307555310755,108.88032974225837,2.143477927150854
577,76.17807279054283,25.154604552283473,134.64177238752438,1.5840225412527744
578,78.85432596943484,33.49421806337151,129.9685877346581,1.680858636735753
579,67.6070687711008,27.796225269605852,122.80636404490136,1.5923121858419393
580,80.71877021603464,27.56924268895686,137.58620484195134,1.4668825340503875
581,76.69248203747208,30.60170759169283,123.72105472606863,3.0623857015084806
582,72.923560430496,33.44591204828615,123.89159195667929,2.665669530994202
583,78.16390933053142,26.952534543064807,119.46879346982455,2.9601837510721305
584,86.35346428902199,30.185039549543916,132.23568882418627,1.3885524902222182
585,75.90933127529247,31.28644950099172,130.96469233810885,2.035626874955446
586,76.24110293150169,32.07931682178943,113.74322712503788,1.3532461873979522
587,72.70319550229878,30.529324665831677,106.80752805401232,1.652152561401468
588,70.75077815267603,28.89891648275003,117.97019362604343,1.5409365082917126
589,79.15167908272123,27.51722933805384,111.99961435602354,2.619792003220781
590,70.71958087045566,30.258431649139123,119.36475425384644,1.80188516094912
591,75.35783118609696,26.78358296404318,132.3743813468414,2.5341896668470083
592,72.61171276617442,21.235948549516177,115.4269834491321,2.302060444794259
593,77.39489912873196,31.309679412473002,119.57176618688425,3.1518193760523943
594,76.66831052643474,32.711804523258586,120.58022734808395,1.260277888430138
595,80.18769972128949,22.911202693374484,128.48430882205284,2.6296166198933992
596,72.44991800572626,26.970807885870187,97.53110666015395,2.573220435200364
597,73.65062532353315,31.857462783015592,113.93299705234703,1.5133105809864826
598,70.10618142108846,36.1724864091351,122.11283692279473,2.50356666823658
599,72.77853369961944,30.062381123026224,132.00078956426862,2.1680724815131143
600,76.88650246522425,27.815991176312597,115.08097552493795,1.886261870023296
601,78.78494308322676,29.45131067668548,101.23447293958125,1.5880322565140002
602,70.38917337911187,34.12462925744455,126.19711445966136,1.640445274275407
603,79.3480296005283,28.062107462626393,113.6463761117437,3.024906047892963
604,81.77818929402476,27.602423980049238,108.1033334090964,2.0003414094787413
605,77.0671745161185,28.551769433453902,113.75654610286776,2.3910650007657295
606,84.38397906279033,27.140014175223865,118.15474642344151,1.6045503091662234
607,71.13105400448214,30.368010947984388,113.95255335461788,1.6100735268891806
608,68.77672648344291,34.87403537540868,97.9443394290093,2.540992404624971
609,66.10639875547861,30.969237819348088,128.97066196887133,1.325211894224234
610,82.48022155744592,29.242939493621137,132.74875041278722,1.7923931160473643
611,78.27182828177028,29.12456619325337,126.51521991339506,2.017013705536116
612,74.72207664544773,25.31042757391003,108.62314329575183,2.0556863009200264
613,76.3998431315991,32.64932933144148,117.98508466052482,1.9104533574919218
614,69.37255476350812,29.766488408961592,119.93478684770542,2.1979098905479617
615,87.22875989808414,29.458560259228122,125.9879438956191,2.346427877908906
616,75.64610590987614,39.57932270353458,126.68340488718081,2.367318772729665
617,75.54697397302446,30.89625872509706,112.65826201221505,1.5070980956660867
618,78.62883311949346,27.744626849714447,120.8199555641356,1.8579224510356014
619,77.40504615868356,28.72092721138337,124.57280404615241,2.597381430938469
620,76.11942012139566,33.445337127590264,134.55822322146767,2.447323593786936
621,71.04762772277344,30.339811231613293,127.04506539824723,1.313570274259468
622,77.35734178567998,25.6851660650479,127.89056687375519,2.175739950176101
623,84.41012248237517,32.75768680372561,120.8382662792936,1.0108873753125949
624,81.7271002307749,27.995567743383017,134.10459145203504,2.023467451030185
625,82.96593313319698,35.61989332865264,124.09762795959497,2.9488835083729885
626,72.44392161784407,33.24014419714395,111.3891208982643,1.5260536413655068
627,70.0519758987071,28.658034313023748,134.03369970125192,1.582838477254209
628,74.37106539950176,33.84304908520534,126.97903272539028,2.38201489078643
629,75.27862456144348,30.20356653158221,115.56955978871518,1.228599242395177
630,80.47095759235474,32.55832102536666,115.20507032600757,1.6836224850574806
631,66.5376768514259,31.454198451883425,122.96575545140762,2.2982205687908763
632,82.64775159730307,27.460930035027378,124.63184795267584,1.6828570761552983
633,74.20996050710505,28.069350503047616,121.97292265631206,1.8820150063945142
634,72.8655946502629,33.08988245274348,123.11308673442885,2.372092855157517
635,69.93947812369916,28.995674003680378,136.9995737457638,2.2107730417682805
636,66.72571664067115,28.78905461027401,130.71543152234887,2.133409198147701
637,79.11585291980957,27.134632261951943,121.90635591265024,1.8304388603649806
638,75.36658983594202,31.270797196780382,129.41310580767484,2.185030557634478
639,68.55019550129472,36.187574757729436,109.6747609647246,1.9381336599501215
640,68.52460613968192,26.79740125723718,123.97927049946809,2.2289028049628925
641,73.32107650354936,30.072658370018274,138.0930634973311,1.751533987441011
642,83.34510762644696,34.236661666246285,117.81954104607627,1.9087155128102293
643,73.70204324318198,29.761075826262854,111.52366071380915,1.5050211037239931
644,67.48428523440947,31.357115388749204,113.4791111140694,1.982496194996882
645,73.77128467957029,26.81281941555936,109.10366962657612,1.5944995681855776
646,73.63638215126164,31.284921291622947,112.15238091872297,1.4429767749190034
647,61.515566785292144,29.438567204986352,116.2949190140997,2.129330573927694
648,74.72852566741093,32.95718998703959,105.94432980821358,2.10636988792883
649,73.84532734895662,33.56215815469425,120.15618333949602,2.3914368674742863
650,78.48103182406709,37.76869092605584,129.02277173786646,1.7844372152124506
651,84.24478047472672,31.73889951964073,110.9224381985308,2.204026423418378
652,80.63282514773879,30.977388949746498,135.19283923641768,2.2753987861368317
653,73.65555654722584,30.583152904732007,125.10792088527595,2.2223869039157975
654,69.46737045629165,28.940501121567934,130.30580585624057,1.587173158598929
655,87.8667990162493,31.015451530385075,113.42165446147862,2.0746817411355947
656,75.29609217007244,29.11379576958291,128.54525227066617,2.182070148027331
657,75.06964645956474,30.505382928808842,109.08066099604687,2.003589233453971
658,74.87937456444999,33.95279260682388,128.9024750083651,0.9567611708144577
659,75.99042380383928,26.980372304161076,121.71839339793532,2.08024481198674
660,74.27819794038028,33.419635683387135,125.53251219984784,3.1062655196986215
661,72.13168996559882,33.951345202019596,108.24405394375148,1.8199803656215086
662,72.26570529379804,29.645794419026764,111.04930157723395,1.6359614510723395
663,74.83623364892001,23.634435302974218,125.97228218253385,2.186674279855699
664,72.28287614433117,28.176534038716703,110.51651995775799,2.156189105233286
665,71.43577108661418,33.89098363968333,124.63206292099123,2.5963675827082073
666,75.53215113845948,29.931395813103354,106.32862193539754,1.371065922045556
667,73.72511391289572,27.002093303115267,128.4817421266667,2.3656901262874963
668,82.51996494291345,28.48567523631535,107.6747668523149,2.295211030625732
669,61.74515095803494,32.52186007951366,125.52299937679524,1.928926731529727
670,80.4575342596123,31.640200704604137,126.25630933646,2.1693436589608446
671,81.23042596248814,29.283203702490916,113.03228181570425,2.5147287407991787
672,64.63304883795925,28.899526764555937,125.82026567084726,2.436157690014225
673,73.28656202959826,28.824725552868536,122.60442263333556,1.4284903439631358
674,73.14279567002104,27.23276944650449,114.61158143807262,2.410079093377742
675,67.9624415264109,34.84612706840832,109.91445315923792,1.9676556974837411
676,71.11091656204562,29.03303859236598,100.3737430832742,2.0364370490077572
677,69.44712077267086,33.65147556247649,123.49650047299694,2.036598495500847
678,83.76135221711812,34.563948155767356,104.35197228637945,1.9248785056008704
679,79.6783919657373,32.99493269444388,120.95344199441308,2.5958537485535325
680,81.3577754749708,28.705139061845856,117.36551783917751,1.958141020075394
681,78.60836032021618,31.21119027100983,126.79142775438196,1.4402269358084157
682,69.35474114391386,29.92741318082725,116.97954500510136,1.8032350720151356
683,72.37739866860113,27.288894417809615,116.70552213652908,2.089347358405238
684,77.4468728061396,30.97307784516481,127.31870704288295,2.614607392148525
685,68.88936095554027,26.462880626520594,123.35058029084118,2.3015473424744166
686,78.56499215086194,33.56303816538469,123.16155957182778,1.574732360626478
687,73.79837300920933,28.606148108104822,124.69267589808526,3.2425949583394456
688,73.12589596225202,30.603478967618518,104.64427876792894,2.13238765548899
689,78.55479984101746,30.849863614638426,127.56788679986983,2.6376953689995073
690,77.2213165574302,29.223285078887766,126.12468794013603,1.9241427832113853
691,73.1951691709046,31.760081404425826,109.83316871423503,2.266679622352725
692,80.79664901682123,28.575289030132428,117.55919526325799,2.4197342522592025
693,69.59468336200051,32.61389189237173,119.6069271237237,2.609097355877128
694,78.07967803472133,25.962060959259755,118.65503215598267,2.5286841526891126
695,77.96550628984191,30.379138738639234,123.33859966568535,2.436098500036489
696,73.45226780343005,35.81678699717485,134.31366781831184,1.8424566344029456
697,76.63066511121059,26.999006026183277,130.8176672767283,1.714126979021969
698,68.74443211807349,27.966765088425447,106.87780806568594,2.1663037551620987
699,79.6201350960345,31.541723548976744,126.22069990306049,2.4665640361705345
700,74.07548931778506,30.538745345818793,133.2893331953541,1.8886396496116964
701,72.3863848974048,31.051890297820677,123.86808520689203,2.532585982857193
702,80.24504612918444,31.46756139044299,130.90980425185967,2.7263083727430897
703,71.4782815472862,31.90416440568531,140.12270445700764,1.54183954046329
704,67.9576935181822,33.32909952586867,130.23709546106983,1.58153964810186
705,67.21685413238048,31.229455970785537,122.49308595641729,1.9298124705473318
706,78.0300497567282,29.276227036144373,130.45088474084753,2.153806334094598
707,68.59785323751858,32.017721103608196,121.44887833096891,1.7377164931164746
708,83.77397090992183,35.699645804685645,120.23903043284956,2.676101339433572
709,64.59035296058138,29.60209876085228,116.48585764286267,2.2120334307592255
710,83.48228184145019,27.076412085988075,135.63413358832108,2.0197235241203697
711,76.05508733601309,33.32124200786092,111.81571334057999,1.2820452380657363
712,74.51643444064804,29.638856508139206,135.32367724678116,1.3420920917862467
713,72.27540456595526,23.481991361957892,124.99864123740372,2.140504625140903
714,76.99568057176036,32.542265031451265,106.00693825198059,0.9337021869225819
715,74.81182648787576,28.394015442138233,123.67649292991422,2.5063187048220357
716,80.5165094100826,29.728400153087517,98.99973492348376,1.9209230778138398
717,75.5711382433102,30.995940991707045,126.25508016831036,3.621546484797366
718,75.75150880730939,30.5714990393372,128.8523148298899,3.153958125308055
719,73.18193893893073,32.12835545141712,114.07644044347947,1.9092754653762416
720,74.71527188139466,28.69354088829047,121.23547695955583,1.9468314987343425
721,76.5390088444603,31.539317394528247,139.54157433750285,2.497790757001015
722,66.44915803671687,29.221359967248247,114.94253295738064,2.851586304959019
723,68.25907288947144,32.21643144266251,109.410924129434,1.1809854712819916
724,78.71632047011357,31.846102452039162,134.81663402462598,1.1068122673226566
725,75.85432719063971,27.193683893866215,139.62587190530795,1.6889825972228092
726,74.0800833182366,33.257946348525095,120.03695671847848,2.2913687915869323
727,75.09216966532696,28.392109664657855,130.11463035408357,2.2484367952537987
728,76.73790852680835,32.424173394843436,133.41475915530881,2.534885727491925
729,72.30120159845319,31.10186194020402,112.57515767461616,1.4001512358173458
730,71.10847637298843,35.51455103038537,115.14694164632132,0.8419280685155617
731,75.9792262754884,29.329602052884443,132.30874513154734,2.4290070976510725
732,70.10813611192484,28.952049611645407,136.8501427870851,1.5859018635173827
733,77.04126377857236,29.941741182336802,125.62880860174354,0.990756067805681
734,66.48708197881079,29.090460651497175,111.20185646497946,2.072531872979691
735,80.14577818662822,32.39982570582615,139.8706111169944,2.3965878441093387
736,77.36298741206521,25.151068174690238,114.69029102188036,1.9389714339393613
737,76.28014867156938,26.838952742560938,116.64862218828549,1.7710758069087553
738,79.91345491972757,26.796591235262422,123.42337834489622,1.9203188839270466
739,83.32737222231289,32.85092277592073,135.54160420714774,1.8147086187996087
740,80.07185032509065,35.131840117745774,128.53975976552223,1.3259764440299164
741,65.79562884334177,29.686652344387586,124.14865500361911,1.6426596615047842
742,68.6021151663215,29.49353483042997,124.63288530118106,2.2606399525069074
743,71.8759071115216,30.210156489339543,120.43514668643466,2.16083927068825
744,75.13045525105417,33.48563490782457,125.58139514518507,2.08402990298341
745,77.58829510234561,27.217940597428278,94.70439922305697,1.5024257590733103
746,71.37128093423267,30.715106948204355,117.03392540930201,1.9092484189321663
747,75.9338338223854,32.925592889347286,122.4132193491678,0.9114674767785726
748,71.22308533823339,31.503282509819535,108.48985916380492,2.089238331942695
749,71.94241098504025,30.56874484979623,123.8632331781156,2.714428853906784
750,67.96669451575889,33.003138277701424,117.95528779013878,1.2629339339789472
751,70.38383376944547,21.89030312100229,137.5547569831549,1.7070361633411224
752,68.24157697191833,32.03362595859272,135.73019725214857,2.164553389355065
753,70.12063373511333,28.03777295061773,115.34194430881837,2.626421317213742
754,80.2682089830392,24.50810130943063,118.49162288433304,1.7758876918499253
755,70.25300555584029,31.53360779857494,119.26052434391607,1.6538748353670518
756,88.16191032418695,34.120975635488875,115.48340523840378,1.0155384287919584
757,77.46658950440445,29.587654456116926,121.95024984028127,2.051719064654053
758,75.92418061847437,32.858623641608816,112.4171793111241,3.021038020071872
759,70.70821109909393,34.83683477396593,108.69384665062474,2.138679230982338
760,78.50154939704495,33.94474336075214,126.22711223900268,1.9888605104081434
761,72.12181086881112,34.91989358811418,126.29529584221811,2.1610411553834927
762,75.6100490732268,32.22638247321568,111.95684240340007,1.994453998025699
763,87.80042269134397,30.22630091670478,128.953554307626,1.5934928138699351
764,74.51970050137675,25.194102564308494,113.68422270834668,2.4116399578388528
765,80.74636663142837,29.261812535610154,122.53165238037981,2.112880761555877
766,71.48411787437057,27.470260214051425,128.20344012612455,2.0088066259668285
767,74.82505754751519,36.51282815249344,119.66387435296286,1.512316986360875
768,83.85400317817755,29.47234256270299,124.54740912141135,2.6517539659673797
769,71.86516471106117,30.369614420353457,114.83570356112428,2.332351372666555
770,84.06224278998464,31.654456128121403,118.03533416571902,1.723539581316349
771,78.53875967727738,30.13080733911736,117.9414056911966,2.5009124268409684
772,72.18766612052866,35.08515312129226,112.5342165345976,1.7512145808073964
773,78.1620386952776,28.132051914796644,118.23225836884218,1.6089982537444816
774,79.86277224813365,30.58382236571173,104.51381701136253,1.6201484412598566
775,78.10904981108598,27.772588242905854,115.08846252857896,1.1144657234559543
776,67.14887640054772,26.039932466337884,117.15124506630329,2.235771190209103
777,71.36431412087566,28.164692727284145,117.4382024750462,1.084427560830825
778,73.76240682224248,29.888889608854765,117.58502554129221,1.3857780843671188
779,74.62783285449977,28.71209332644822,119.38235800139871,0.9622059954607334
780,78.10336048775339,27.92273706037843,124.79441518086064,1.9569651536045534
781,75.88850500466627,25.781047608984498,128.74517074132524,1.924839769864064
782,68.32327820644949,29.750683282113915,113.50234773151733,1.836651893406818
783,76.90098925502981,25.485838877906993,107.96799144610856,1.4787111526647119
784,78.05292872641911,32.28016789106881,109.57955587756896,1.41388312328168
785,77.7989522396552,30.24731925880351,115.12797078805073,2.232184931773287
786,80.4039036277731,25.62734550160521,116.48078682183491,1.7247240341457561
787,79.16961077274452,29.07237276885041,112.30003933802543,2.1581791607680723
788,77.29590039614219,27.743530783228252,107.03883335750106,1.5573756569378887
789,74.64917144270676,30.957523531257543,115.43879172525811,2.0905313713855413
790,66.69519533242004,34.02135133806944,121.81426620113972,2.651639018658032
791,77.14809109566293,24.374482591062765,125.95029465835565,2.2930829001963917
792,76.03843843581555,30.34507823744225,114.42576946891678,1.7937930908917599
793,76.35789418597686,29.51960161330008,115.87002177856566,2.1285994851779635
794,68.61625712089845,32.014020229351395,110.73301691152689,1.8796674127348936
795,69.59471729795868,30.639589884713068,119.68560829625224,2.003940092347364
796,80.26576426666452,27.744092004783543,111.51571365809185,1.837194473925748
797,74.80222423071673,29.042838193000147,125.731278132412,1.9178323970573043
798,78.40750348686312,27.611922429589534,102.14133508065889,2.1060466765370878
799,75.1415918806523,33.228021415795794,116.40370327547538,1.5033206502090246
800,75.14878069747871,30.063934946015827,123.01107339191742,1.4920605865050107
801,79.69141902988,35.703572057259024,121.83834516322504,1.3057287230843944
802,72.41977635891313,29.81801755855614,146.93033663980498,1.199864447748145
803,75.48060388470492,27.87477969926861,123.49800024567908,1.3913586538897604
804,72.68862355647478,25.45885682216152,109.9594540315799,2.0797312534020644
805,72.82751886283842,24.590580971232164,119.04535752910927,1.553606242254058
806,73.4541393826568,25.24759217098353,102.23753666533548,2.2568072321155483
807,76.11066885816857,30.80137995303445,119.1940025070324,2.017356874376281
808,72.60625689168262,31.526175069689803,111.66943942999241,1.0157478932809731
809,81.2787806278676,25.2564278939036,129.15390275560162,2.327487792110845
810,70.52696348890248,32.685114942228346,114.50459725404465,2.405399322795855
811,74.0656417791932,28.550816844949683,118.83234084204753,1.5030686625825733
812,72.80134470862913,30.44037903595665,113.64442158595597,2.210095771447496
813,82.23488942176867,34.83666188476627,137.3885135185333,1.5717508812954004
814,75.98277388255788,32.6905179475966,116.78757233882088,2.048835188374168
815,80.15922269734317,29.1944080562825,138.325570434792,1.3677507965225173
816,67.57219813481514,27.32642332375414,128.14151762118266,1.1034467737327116
817,76.33525132934629,23.544553796012085,124.82066727335386,1.8085914051935157
818,79.44815397811719,27.84254004227274,123.68733147317519,1.938135526862582
819,75.41141994637712,29.366609283516915,123.93797298216252,1.801160153192698
820,80.32740187532676,27.038461418546447,100.7232742065439,1.4079847208887202
821,72.41355774949814,29.606229098723087,117.21116605849244,1.8000504689344314
822,82.0467372009279,30.230555648876305,128.4515797118432,2.134647376290367
823,86.49449061809625,29.325432054575764,119.51102816525895,1.9775534849387315
824,73.18580719780171,28.04999225752962,105.94810153196426,2.0912505152996066
825,72.77248739299614,30.505964015900183,119.4759554942253,1.6649423997728836
826,82.2669223855885,31.325821948708228,137.04105516255493,2.58585895735808
827,82.89786072865355,26.72880276767146,132.46891715534719,1.4119133317226096
828,72.38569986423366,34.23279713923881,119.37995990633968,2.2437801485433595
829,72.89906591452072,29.704235603147215,129.51449277058086,2.590945546479981
830,73.59107695569746,30.056548868834543,116.33492979631949,2.2404540463744476
831,68.27774744482862,32.12464326976967,102.96128413173281,1.898737886467585
832,70.40674026757901,30.699648393790504,110.75534011870445,1.7358514766685105
833,69.97929616623966,32.85940990173974,135.628887685082,2.518043825523128
834,71.16101217447935,30.861372495605472,117.26006918170695,1.2885125373691635
835,74.8265755630661,28.162687876078685,117.56616020624982,1.5149378698101783
836,76.1710736626826,31.084510575618303,117.00161803725119,1.8012211172541392
837,82.75250246407039,26.568821378038013,139.04136589573008,2.618826878755999
838,70.00822979630604,30.32567911732957,136.25958915362062,2.189883818020448
839,79.92161199238292,29.900310028066617,142.18780233448135,1.5159771207448773
840,73.93005577887246,29.37564942818238,118.40954789599948,1.8448461473075481
841,74.75268145173783,29.61438746568321,122.95624488747094,1.6928384279518527
842,78.37409746083301,24.35445286350708,104.83357450579209,1.6451055038832325
843,69.3863898921885,28.353825276777116,134.76934426118274,2.4894447792783896
844,76.91204873092025,30.278534703423343,108.32220448732065,1.3141284353682474
845,75.83226104106528,30.4795691759922,122.16775563762629,2.8043904278671867
846,77.46225632004074,26.916974577222124,109.02697472367156,2.4141148450923113
847,76.44584321953909,33.7971235225941,114.11133173261304,2.545430835301849
848,87.27650069955448,27.401475455356497,111.627375689503,1.768530243987371
849,71.81130007874341,32.908371601580214,113.92124739324183,1.9250296404604452
850,72.34501522499092,31.281583085615054,114.60877296851021,1.283424092737644
851,71.88429736787617,28.06131807046859,114.51731205074923,1.7376687964665984
852,72.22261440419872,35.32593267782853,128.33333911780306,2.2468274238215753
853,71.81306436346742,26.41908950473056,108.9513720693748,2.648031530890698
854,80.94508265553776,32.75746252083,122.20541427013868,1.4464215915987741
855,82.10252123994927,33.00174695412893,132.1795915230556,1.817247031507367
856,72.14626853125262,27.988139372770064,114.86803635486604,1.9243503898837389
857,70.83822213447885,34.177395900192984,112.82081109252398,1.3021053989037574
858,77.35707778193202,29.24986045620314,117.69475374819748,2.2956746208792
859,72.23888477859514,30.866080887839573,131.7972520836071,1.6380048341286955
860,78.16465908877755,30.780965516313664,121.94107630953357,1.902304824411488
861,76.01461510425649,29.597073775588356,114.68785705392402,1.7740253140440612
862,67.42127942501384,32.432424819479344,124.8387665118804,1.6053307471401628
863,82.73752600665031,32.38046616165664,108.97707850163577,1.9964775072597227
864,83.9793883654776,24.754404080285457,126.81359510442948,1.8921952107159887
865,71.93605654757808,33.91302072863446,124.08607307701767,1.8140710588606672
866,73.06149220032007,25.012524035892977,116.92191528861116,1.6357691891598285
867,76.42932695362452,33.09763861302497,111.61414201552769,2.159762335391478
868,76.67228394993512,33.38011541048275,111.13319077716542,2.8268086342461425
869,78.29272136336415,26.727100709354406,125.3481733634591,2.0699436164195637
870,85.05102269383175,28.767557136136247,132.28980502489063,2.4980591074555645
871,74.11526386252976,26.682885994542193,113.62692252971205,1.3048890374232687
872,71.00851377730773,29.355236909133794,124.58386703551484,2.0788807196468846
873,68.10340385992737,29.075897147442777,99.12972981397931,1.4513158405144666
874,71.3453498002904,32.33898159680802,114.153822693428,1.2615375362340493
875,74.83436513563102,33.93092623835883,119.68941067129099,1.630314296270482
876,83.97278931758893,34.18705143236987,110.90316583018166,2.5959496672067863
877,72.41194350481915,28.313495920265094,110.63493625210404,2.4750079143348227
878,76.11893975819449,29.372334378766418,113.32220443531114,2.1215023610271997
879,74.91788551963624,24.94968542333715,122.92192728326373,1.2336497200550345
880,80.94196636724043,27.582389800511436,118.12670981593625,1.9018596743060316
881,87.63466212936811,32.89455489929237,97.61768766675029,2.150850004450868
882,72.3456561353984,34.8467484706447,98.79299847364933,2.087768114789299
883,72.5528027874089,26.296953384360233,113.93134822142825,1.0781032082596271
884,80.22080438534536,28.222607222541317,124.57686586053552,1.5548410759900642
885,78.40945744813156,29.920782729123218,92.52495157274765,1.9679611179256418
886,84.23353662868017,30.840483476458818,115.00269823848369,2.268145454758595
887,77.91964092662982,27.571189440235063,114.7375214348258,0.9019360894500268
888,73.2035395460647,31.272183133392268,133.88337778208447,1.9189380122600708
889,77.95327415346155,28.57848195878725,116.14978188287137,2.071524384939476
890,80.54351790291454,29.956643187365163,123.82988984740929,2.4248059942581066
891,79.10241090598682,31.6388527440111,121.41257140087463,2.3464287921187186
892,77.53637015553649,30.019266809432814,98.694335201928,2.2912856594044024
893,80.33337344794577,28.690842328420295,127.68207216631737,1.600029746649033
894,80.84647795222837,29.67117058822251,122.15396505456287,1.0459989314383462
895,81.91079495518764,29.734911122383995,125.0826863967459,1.8034736214692995
896,78.24354943794822,28.889966910353618,159.26237706436328,2.50081591260428
897,74.16440959841573,29.223611811998694,99.15887060501412,2.6967272637622157
898,75.73356843216662,34.79594151151415,137.24696649761108,2.355274551148893
899,81.03254483254179,31.682758343823718,117.12552480599645,2.214670411400867
900,70.91532164506381,29.11355904591252,122.87328904403009,2.1898198241929827
901,76.8433665443645,32.09086321353221,119.54487754698758,1.7219406266196098
902,73.0333059383632,28.99854153073197,115.75763666601956,1.93496985322319
903,75.14372411467409,33.519373912759924,114.30167071761241,2.8345347629131656
904,81.39225931303649,31.108926576594282,123.29508735573009,1.5287209971040618
905,75.95549534009952,29.678093567987315,104.8282630332832,2.807389395354926
906,75.23218274078074,31.343150777430832,127.50579167521765,1.8389859227539709
907,68.2007192951004,25.287371543794503,115.83805595114747,2.6627160545475395
908,78.7312678301361,26.619697593270583,108.69930660959642,1.2965924952512309
909,78.22742090570537,26.418224980802833,115.49987142004186,2.2929521005823243
910,85.8162736165273,30.42882928429112,132.57149216862572,1.631614932026189
911,73.461108825235,35.19754499845528,114.64664912983777,1.2923664040379061
912,76.0957516383197,36.6939004385779,123.5845361820962,2.109267021205473
913,76.24691841855378,31.914153304322273,112.69043724284526,2.5047358942979843
914,82.88726639881737,31.50253342483337,127.57921849923619,1.577529280703252
915,74.52352233806523,24.596826797541784,126.85507738790204,1.2504920197707994
916,76.39510762885169,28.371978600797934,138.4860883329641,1.9540776178325225
917,78.0394825485827,27.636648744275284,118.24436054500785,1.9562823356114094
918,75.9330456157818,28.13745720524665,126.68654804757907,2.2741598137772496
919,72.76783192724736,29.495568544245632,120.98067539538944,2.474797285682244
920,75.97044996449154,28.58372826690862,132.95871781863013,1.970292409363753
921,80.36815874929886,24.062100568872637,112.81167612391269,2.9277516573971316
922,69.8674235029447,32.2437307683526,127.45005312877281,2.112117372267646
923,75.66484837073438,26.78177092278058,118.05302703883318,1.8267867469965502
924,71.49939592530413,30.71774059233345,119.35811822891502,1.194216320448586
925,80.97523314462421,36.222248009249924,120.91752484448372,1.8686702398419162
926,67.38406547608113,27.241846225240728,122.52240396426677,1.831806527294432
927,72.20539076364206,22.40913743176101,118.83770956878043,2.480152398140735
928,76.8860593753226,29.14198733435967,122.14713183170527,2.231241812033427
929,82.8276201461717,33.302878904995715,135.78118057562185,1.4103154391836914
930,74.67124869463507,35.87504236266178,129.8544968561522,2.0861271932055185
931,72.22400236653401,26.31135121664275,128.69154592496898,2.3357655858645265
932,84.40578534720295,31.490097669709566,115.44460473976129,2.7640156796939164
933,67.75993049791877,28.60406862965984,111.10759171771676,2.44375198370703
934,64.00597021689958,29.682154937087592,129.55300558237752,2.380423327155739
935,77.20007225026666,37.933030041051104,128.76046792529795,2.0300429973075818
936,72.48972887823695,25.49108901481454,134.72670675750982,2.1941560027117246
937,69.89383591434644,30.76121898448372,113.9601937403077,2.6247524503530792
938,78.54178223649677,31.403079515296298,117.70451344639653,1.3336113012601751
939,76.219003568856,33.25735897481804,103.60515837474566,1.825280336391522
940,72.17960684631636,30.293949460412687,116.07528893939127,1.6137156256218796
941,68.59847800664552,30.924151618512308,129.96570510579448,2.1895765593630623
942,79.36228664140073,28.825054297734628,115.33504620771802,2.615111087825394
943,78.2510058897933,30.807380823735322,126.40479795200824,1.701512856639463
944,74.50412068110309,28.97042317350777,118.09496894002189,0.804847816265281
945,84.23318498023833,31.864715669568152,123.2405702822156,1.793889627487765
946,69.64957616836924,28.891168991869097,108.52308610184333,2.4567368660087032
947,67.37237414537631,31.131301181706558,120.852094496339,2.2688149514749396
948,71.54045965059377,29.912211558945064,90.08864029099277,2.214093123905288
949,74.77206991822251,33.37815075231651,118.13103841838016,1.86000334906276
950,76.21669724661346,29.845818829234542,103.6952675628486,1.360484631890107
951,73.79381971071835,24.680902595379354,132.05994516546815,2.2576471608122337
952,76.76027698257148,33.78576450214197,127.77407352764511,1.5828590949826875
953,68.74230287904778,27.282803097412142,124.66670981966081,3.092048366690228
954,82.2188230203663,28.03870098405354,135.21006227159378,2.285253604177258
955,74.58924410803715,28.213016117869525,110.51083479175163,1.7096758487230246
956,80.58647915794064,34.12331427951245,137.47363197915558,1.694307376305686
957,76.71362673188852,23.592977358063912,129.32191564260384,1.953527896693206
958,77.28376609576893,39.413245600979984,117.63444712781055,1.880249038989125
959,77.84883640116102,33.168170427198156,131.35620147182945,2.5584168877649773
960,77.23854280008658,30.66971674238748,108.93706487588366,2.0932080848720234
961,78.21361379933772,29.83531799815114,111.75485838472326,1.6341841305457359
962,81.64576265066216,30.856662224572972,113.914102767603,2.9452203425778913
963,75.98260584850735,31.563367285138014,114.71022291935985,2.0246541657601114
964,78.54501878794257,31.935646757850172,109.43442357239748,2.3844198379844483
965,74.55132152856386,31.666813398010344,132.23083067095325,1.6958867462776204
966,82.20058607724737,30.268742043765748,117.41145599630168,2.1815578138722618
967,71.61803848970365,29.40798473907802,123.5250496835688,2.1555549955715976
968,84.00470216455408,29.546180149039465,114.2964863358632,1.0551753539519235
969,74.79921024677829,29.415275158941956,101.79396699451483,3.0076375552303203
970,67.84612448940976,33.401310290601195,122.70057358391422,2.6453222304612733
971,75.64052207455394,31.780670166842587,100.87745024580224,1.8014023419270062
972,71.59474171262559,21.178834096007158,119.31365953914532,1.4488651297720723
973,79.20321774494361,31.967702329589283,106.3168496116719,2.173780806901776
974,71.73688010348805,30.584208584156325,139.8727599923081,2.0433488497071983
975,72.7690828339261,29.943873730662308,129.1136272217472,2.1778344742816147
976,65.55229634527234,28.83444464073334,121.0575379127148,2.095788698097045
977,72.73846840375461,33.37233815995804,132.63706677654667,2.253120494652963
978,62.88060336685522,32.84257938636858,111.53684022534264,2.7236528496959034
979,67.08048588257138,27.68136699652917,125.43479378670094,2.284051602564323
980,78.80207328072149,31.221156861373604,121.99810433718713,1.4751722505450293
981,78.92900079325416,27.08502979637614,122.6402008133367,2.681281426356226
982,77.12728780892482,25.86114550563321,132.7235350010677,2.8203072817441437
983,70.16511928435393,28.119848326230105,127.32492102779803,3.5760283672560425
984,74.7614432192901,32.587180417148275,122.88723662825024,1.4382529833802011
985,74.98198730454716,32.85937513612826,103.45112563771704,2.1214410065751377
986,69.2081765540373,31.53925626029188,110.39953704720536,0.9589506484055061
987,82.51699150883576,32.17528736054399,118.77291066404275,2.2765745781896047
988,79.38681145287836,31.548534861344876,120.93372374276652,1.7258998509166137
989,73.89517913085169,28.075555214331143,108.69796275326077,2.9617228974124767
990,75.13442919497265,31.29576763402182,144.1167667557842,1.612692514990709
991,76.04191403973776,32.40122857568305,135.16394055253573,1.1554084810163692
992,64.79132565787855,32.26287398944072,126.02118320392483,1.7643681296487401
993,73.76411308739702,33.56674011442393,120.72036861283745,1.0122561143914313
994,71.59007876001101,32.12491154160319,117.87791030098848,2.375549727253655
995,69.99189995052542,31.05434462262475,110.48081539977764,0.9674584768718397
996,73.59449853557022,33.21045071494928,120.77480518518863,2.0142287905915794
997,83.98843263424762,29.92043622225282,122.57752540142751,0.9610940900719016
998,78.20421430633505,27.354376046316844,107.58239424518376,1.839851097731679
999,72.14410505108602,29.510799108168708,123.34176417244898,2.821689077902267
1000,77.86291390678079,27.765292065580653,118.44740951175251,2.1803239457178973
